id;customer_id;agent;last_3_cargoes;product_id;own_vat_no;vetting_reference;warehouse_address;warehouse_no;warehouse_tax_no;product_receiver_vat;customs_status;document_type;client_clause_details;status;counter_party_status;comment;nomination_timestamp;cn_code;financial_hold;consignor;blending_instructions;product_additives;homogenisation;product_receiver_id;mode_of_transport;mode_of_transport_equipment;discharge_date;loadport_date;load_location;discharge_location;please_advise_warehouse_tax_no;please_advise_warehouse_no;please_advise_warehouse_address;please_advise_product_receiver_vat;please_advise_product_receiver;please_advise_loadport;please_advise_disport;preferential_origin;product_grade;product_specification;product_additional_comments;adn;cdni;custom_adn;custom_cdni;movement_transfer_type;custom_load_location;custom_discharge_location;custom_receiver_name;custom_receiver_address;custom_consignor;notes;terminal_company_legal_entity;custom_terminal_company_legal_entity;ice_delivery
1;Realigned Borders Multi-tiered;indexing indexing;cross-platform Mill;Gardens exuding Intelligent Cotton Ball;access Moldova relationships;Chips;Rubber emulation;Illinois navigating Granite;synthesize Representative;killer hard drive Central African Republic;EAD;Soap Executive;SMTP withdrawal;PENDING;REVISED;Handcrafted;2020-06-23T21:10:22;next-generation deposit whiteboard;Cape Verde Escudo;Mouse;blue Planner Fantastic;Outdoors teal tan;XSS;innovate Marketing;TRANSPORT3;benchmark Wooden Shore;2020-06-23;2020-06-23;Credit Card Account groupware;Cotton COM;false;false;false;false;true;true;false;networks;indexing Chief;COM;Turnpike;auxiliary;PCI Handmade Cotton Towels;Fantastic Steel Keyboard orange Metal;Research Personal Loan Account;TYPE2;parse;indigo;algorithm;RSS;grey Face to face;Checking Account Liaison Tactics;Accounts multi-byte Automotive;partnerships Steel Money Market Account;false
2;Ergonomic;withdrawal Buckinghamshire;Expressway Enterprise-wide;synthesizing Alaska;Fantastic Rubber Mouse engage;reboot portals;Pennsylvania Village panel;Graphical User Interface Latvian Lats;withdrawal;Accounts;T1;backing up digital;Borders CSS content;REVISION;PENDING;bypassing integrated synthesize;2020-06-23T18:53:54;National Lari;red Facilitator;Home microchip;ADP;Delaware monitoring;gold online;optical Money Market Account;TRANSPORT2;Home Fresh Mississippi;2020-06-23;2020-06-23;Principal Music;bypass Lodge;true;true;false;false;true;true;true;Fresh;Manager;granular protocol navigating;Corporate;Spring Hryvnia;software;Credit Card Account Decentralized Rubber;Interactions Squares Principal;TYPE3;invoice;Operations;North Dakota;markets Money Market Account;Usability parse;Handmade Avenue;Fantastic;Monaco;false
3;Keyboard;cyan;withdrawal Personal Loan Account;Arizona;Research Cotton Soap;Bedfordshire;Games Arizona;yellow Corporate;streamline;magenta;EAD;secured line;Cambridgeshire middleware;PENDING;REJECTED;Clothing Table;2020-06-24T02:47:58;Wooden Kentucky;hacking Incredible;convergence azure New Jersey;Central matrix;Wooden FTP;vortals integrate JSON;Keyboard USB;TRANSPORT3;Assistant;2020-06-23;2020-06-23;Louisiana;bleeding-edge RAM paradigms;true;true;true;true;true;true;false;Music Mississippi Hills;Brand;Bedfordshire Small;experiences content;white Forward;incremental purple integrated;red Accountability;Stream Florida Progressive;TYPE2;groupware Berkshire;generate Central methodologies;National;Kyat turn-key;incubate withdrawal Internal;Spurs transmitting;compress;deposit Tasty;false
4;Health;Gorgeous Rubber SMS;programming Handcrafted Frozen Chips;actuating backing up;Rhode Island;Sleek Granite Tuna turn-key;productize;Music parsing;Handcrafted Credit Card Account;Investment Account;T1;hack;cutting-edge;PENDING;REVISION;bandwidth Associate Avon;2020-06-23T11:08:10;deposit;markets models;Fish;CSS Bedfordshire Beauty;invoice;New Hampshire Kentucky;Sleek Cotton Ball User-friendly invoice;TRANSPORT2;Algerian Dinar Christmas Island;2020-06-23;2020-06-23;Strategist e-commerce Principal;red Personal Loan Account;false;true;true;true;true;false;false;SDD Buckinghamshire;green;Decentralized North Korean Won;process improvement Health;Japan Field Savings Account;Incredible;UIC-Franc SSL;turquoise disintermediate Refined Cotton Chicken;TYPE2;card analyzing cross-platform;Stream attitude;Iraq;quantifying integrate;synthesizing;Tugrik generate Idaho;Fiji Dollar Refined Adaptive;New Jersey THX;true
5;Estonia Berkshire;markets;Buckinghamshire Toys;Plastic teal synthesize;synthesizing;Auto Loan Account;overriding Florida Rhode Island;Home Loan Account Buckinghamshire Cambridgeshire;customer loyalty;violet;T1;Solutions out-of-the-box pixel;mindshare;REVISED;CANCELLED;array Down-sized bypassing;2020-06-23T10:47:00;haptic;project lime;Alaska Monitored Checking Account;Bangladesh;protocol Strategist;Planner;overriding Avon Pizza;TRANSPORT2;Generic Granite Bacon;2020-06-23;2020-06-23;bus Ridges;Car deposit;true;true;true;true;false;false;false;Phased;indigo card;Mount;Frozen;Proactive lime multi-byte;Face to face application;Streamlined optical;RAM Iowa;TYPE2;Ways THX;Djibouti;SAS Rubber Democratic People's Republic of Korea;input cross-platform Ball;firewall;generate web services;deploy Mouse Romania;Personal Loan Account Towels Checking Account;false
6;Trinidad and Tobago Dollar yellow Berkshire;seamless Avon payment;Concrete Rhode Island Awesome;Kansas;Total;migration payment;Toys;Towels Ergonomic Cotton Gloves;bus;markets;T1;Savings Account bandwidth;client-driven impactful;NOMINATED;REJECTED;primary;2020-06-24T00:24:27;Oklahoma North Carolina paradigms;workforce Practical Metal Computer;alarm online;Madagascar;transmit secured line firewall;Handcrafted Rubber Mouse payment Face to face;Principal Open-source Avon;TRANSPORT1;synthesizing Cote d'Ivoire bi-directional;2020-06-23;2020-06-24;synthesizing;Jewelery RAM interfaces;true;true;false;true;true;true;false;Developer;withdrawal payment;SCSI;scalable responsive Intelligent;JBOD Refined Concrete Chicken Concrete;engage Face to face;SMS;Michigan e-tailers visionary;TYPE3;back up;Communications SAS;hack;Borders website;end-to-end Dynamic auxiliary;Soft global;Marketing zero defect methodical;Granite Handcrafted;true
7;Handcrafted;transmit redefine primary;strategic Consultant hack;Home Loan Account multi-byte;Digitized;Salad Qatari Rial Chips;Future;Unbranded Auto Loan Account Keyboard;Specialist Regional;Director Springs;T2;Representative Concrete;panel Borders connecting;REVISED;CANCELLED;Health Shirt;2020-06-23T18:25:18;input overriding Tanzanian Shilling;Hat Ergonomic;Cape Verde Escudo RAM;service-desk Senior;microchip;Codes specifically reserved for testing purposes Digitized;payment Checking Account Intelligent Fresh Mouse;TRANSPORT3;Health Village initiative;2020-06-24;2020-06-23;aggregate payment Towels;Tuna Universal invoice;true;false;false;false;false;true;false;Paradigm;Direct Gorgeous implementation;hack Configurable upward-trending;feed Usability Associate;maximized Buckinghamshire Generic;Corporate Roads West Virginia;Small Metal Gloves Vision-oriented Borders;monitoring;TYPE3;Georgia;Data leverage;Checking Account payment SAS;Vermont Station;niches forecast;Cotton Ergonomic Frozen Table;User-friendly;Unbranded Soft Table Branding Towels;false
8;Supervisor Baby;compress applications;user-centric Wooden Bridge;Avon;Compatible;Views;Point;Garden payment;alarm;payment overriding Factors;EAD;multi-byte North Carolina Springs;wireless;REJECTED;REJECTED;JSON;2020-06-23T17:35:39;Oregon copy Portugal;iterate fresh-thinking;connect RAM;Licensed;24/365 Savings Account standardization;input Sleek;Fantastic Gorgeous Rubber Salad Solomon Islands;TRANSPORT3;Cross-platform Handcrafted Steel Shoes;2020-06-23;2020-06-23;Group Alaska Missouri;Liaison logistical calculate;true;true;true;true;true;true;false;yellow Senior Soft;payment firewall Personal Loan Account;Toys alliance;Open-source synergize Automotive;Visionary;Canadian Dollar Walks;1080p Incredible Borders;Movies analyzing;TYPE3;Rubber;Soft;knowledge base primary generate;Investment Account Paradigm transmit;Granite Customizable;Soft magenta;panel US Dollar;extranet;true
9;Fiji Dollar Accountability Buckinghamshire;open-source;Division New York transmit;solid state Directives withdrawal;Park mindshare Cotton;purple cross-platform;North Carolina;innovate;Awesome Massachusetts;Integrated Applications salmon;T2;24/365 gold;program quantify Bike;REJECTED;PENDING;invoice payment;2020-06-23T14:43:16;Movies;Fantastic Credit Card Account;Riel CSS;content-based Wooden content;New Jersey Rand Namibia Dollar Buckinghamshire;grey Tools;experiences Codes specifically reserved for testing purposes Dynamic;TRANSPORT2;innovative;2020-06-23;2020-06-23;Borders compress solid state;embrace Quality Iowa;true;false;true;true;true;true;false;Gorgeous implement;transmit;bypassing Berkshire;Indian Rupee Ngultrum navigate e-tailers;Global invoice Brunei Dollar;zero defect Somoni Idaho;Corporate National;Advanced Developer;TYPE2;withdrawal superstructure;New Jersey;Unbranded Markets;applications Glens;PCI New Taiwan Dollar;Table Berkshire;plum digital;programming extend;true
10;Security mobile Israel;Integration Analyst Maine;e-commerce Checking Account sexy;Handcrafted;Forward platforms;syndicate Auto Loan Account Georgia;Awesome Wooden Soap Glens Sports;Sausages Steel;front-end Designer Plastic;Myanmar programming;EAD;Interactions Shoes;Zambian Kwacha Hawaii;PENDING;PENDING;web-enabled utilize encompassing;2020-06-23T11:21:50;Incredible;Producer Kyrgyz Republic;wireless West Virginia override;cyan Tasty Soft Towels;Silver action-items;Fantastic Savings Account Armenian Dram;Texas;TRANSPORT1;Chair;2020-06-24;2020-06-23;online;Checking Account alarm copy;false;false;false;true;false;false;true;Home deposit Dynamic;Pre-emptive Jewelery;drive cross-platform;global blue deposit;SQL e-business Handcrafted;Buckinghamshire;database European Monetary Unit (E.M.U.-6) haptic;virtual;TYPE3;array;Bedfordshire Steel primary;Freeway;Intelligent Concrete Chips Car;synthesizing synthesizing;Avon SCSI;Junction Refined;Aruba multi-byte contingency;true
